{
    "integration_method": "euler",
    "rho": 1.225,
    "D": 0.15,
    "C_T": 7.393801800070592e-05,
    "C_q": 4.436281080042355e-07,
    "C_s": 0.0009119514466606566,
    "k1": 1.425,
    "k2": 3.126,
    "m": 2.4,
    "l_arm": 0.3,
    "h": 0.005,
    "g": 9.81,
    "J": [
        [
            0.0036002499999999997,
            0.0,
            0.0
        ],
        [
            0.0,
            0.0036002499999999997,
            0.0
        ],
        [
            0.0,
            0.0,
            0.0036002499999999997
        ]
    ],
    "w_m": 50.0,
    "motor_max_speed": 1000.0,
    "motor_min_speed": 0.0,
    "t_start": 0.0,
    "t_stop": 60,
    "dt": 0.001,
    "dt_posctrl": 0.02,
    "dt_attctrl": 0.004,
    "dt_angratectrl": 0.0025,
    "dt_readout": 0.01,
    "Q": 0.01,
    "wind_update_period": 2.0,
    "process_noise_covariance": [
        [
            1e-05,
            0.0,
            0.0,
            0.0,
            0.0,
            0.0
        ],
        [
            0.0,
            1e-05,
            0.0,
            0.0,
            0.0,
            0.0
        ],
        [
            0.0,
            0.0,
            0.5e-05,
            0.0,
            0.0,
            0.0
        ],
        [
            0.0,
            0.0,
            0.0,
            1e-07,
            0.0,
            0.0
        ],
        [
            0.0,
            0.0,
            0.0,
            0.0,
            1e-07,
            0.0
        ],
        [
            0.0,
            0.0,
            0.0,
            0.0,
            0.0,
            1e-07
        ]
    ],
    "imu_covariance": [
        [
            0.001,
            0.0,
            0.0
        ],
        [
            0.0,
            0.001,
            0.0
        ],
        [
            0.0,
            0.0,
            0.001
        ]
    ]
}